시작의 세계|＠|||||||||||||
뒤틀린 우주의 법칙|제로의 지평선|저녁노을의 하드론|냥대성 이론|양자, 중성자 그리고 숙자|뉴트리노 설원|＠||||||||
닭싸움 고원|얼음땡 산책로|묵찌빠 호숫가|말뚝박기 시냇물|쎄쎄쎄 봉우리|코끼리코 수림|＠||||||||
원주민 아르바이트|노숙 홈스테이|전통 인공지능 낚시|산제물 체험|＠||||||||||||||||
가?|가가?|가가가?|가가 가가?|가가 가가가?|가가 가가 가가?|가가 가가 가가가?|가가 가가, 가가 가가?|＠||||||||||||
만조의 바닷가|그레이트 배리어 프리|샥스핀 출몰 해역|해저 2십리|수중동굴의 생태계|수심 한계 돌파|＠||||||||||||
날뛰는 초원의 거상|고요한 초원의 허상|꽃미남 동굴|짐승남 동굴|웃으면 복이 온다|웃으면 복어 온다|＠||||||||||||
정답찾아 삼만리|피타고라 수평선|일더하기이 삼림|사인코사인 탄광|트라이앵 골짜기|아득히 먼 점P|＠||||||||||||
무지한 소피스트|반증뿐인 반평생|아이러니한 숲|결론 없는 논쟁|독설로 가득 찬 사막|올바른 삶에 대한 집착|＠||||||||||||
자유를 찾아 상륙|위대한 작은 발걸음|빅버거 가든|대초원의 작은 후미|메아리칸 드림|그레이트 프레리 항구|＠
구굴구굴 개구리|인스턴트 사진관|메탈릭 메타버스|파인애플 주식회사|마이크로 고층빌딩|파랑새의 환영|＠
착한이의 묘지|쫀득쫀득 호수|별사탕 내리는 사막|앞 홀로 섬|달고나 유적|팝핑캔디 원더랜드|＠
아이오딘 바다|약품냄새 감옥|독이 낳은 고독|넌센스 세포변이|실수로 극약처방|훈훈한 생체병기|＠
판때기 캐슬|창문막힌 관람차|잡초 가든|10m 퍼레이드|공용 프라이빗 비치|※우천시 폐장|＠
플레밍 T자항로|안티매터 정글|제로 마그네틱 필드|엔트로피 트로피컬|오일러 제도|하늘을 거스르는 사과|＠
정체불명의 임시선장|스위트 밀실|청혼전야의 고요|위기회피 자동화|휘적거리는 해적|안전하게 귀항|＠
프리패스 문지기|푹신푹신 함정|무빙워크 미로|사교적인 사교도|네온사인 비밀통로|보물창고 무료개방|＠
윷가락 군락지|요요 활엽수|유리구슬 연못|풀피리 수초|팽이 언덕|딱지 대폭포|＠
표류 버스 터미널|산호 아파트 단지|리모델링 침몰선|가자미술관|미역 그린 캠프장|별모래 천문대|＠
한평생 지적 탐구|론리 논리|떨어지는 과일의 법칙|일곱 빛의 분산|가설 불필요설|힘을 측정할 수 없는 자|＠
타임스 탑|22시 22분의 관측자|째깍째깍 주거지구|시간 순삭 전문가|클락 페스티벌|시침과 초침의 밀회|＠
바삭 쿠키 산맥|꽁꽁 크림 설원|티라미수 단층|풍덩 쇼콜라|코코넛 젤리피쉬|마지막 대사당|＠
토실토실 미라|부조리 천국|사회적 책임 지옥|싱싱한 사령들|음흉한 성직자|저세상 왕복 티켓|＠
거짓의 잠꼬대|매일 밤 침대 한바퀴|꿈과 환상|코골이 교향곡|5분 간격 알람 금지 구역|잠들어버린 사랑|＠
안경 쓰고 세수|무기한 도서 연체|오늘도 태워먹은 냄비|냉장고 안 휴대폰|무한 증식 비닐 우산|아무말 대잔치 의사당|＠
활자 해역|시집가는 시집|만화가 너무 많아|식사 전 사전 정독|소설 네트워크 서비스|매진된 매거진|＠
메컵 아티스트|아삽으로 삽질|얼라인 스케이트|세커티와 밀크티|언더 더 씨레벨|라운드 숄더 올라운더|＠
타우로스 고속도로|머메이드 카페|피닉스트리트|페어리 클럽|유니콘 호수|드래곤돌라 투어|＠
근육 대지|프로틴 디저트|매지컬 피지컬|물근육 벌크업|어깨가 좁은 깡패|조상님 강림!|＠
아방가르드한 인상파|뒤죽박죽 타이포그래피|콜라 주말농장|오마주와 패러디|크롭 티 크로키|스트리트리밍|＠
종 위기 원림|자연 선택 선탁|신앙과 과학 사이|테크트리 오브 라이프|적자생존 처형장|끝없이 아름답고 경이로운 형태|＠
머나먼 붉은 황야|도약하는 그림자 무리|코알라 낮잠 지대|위대한 장벽 암초|붉게 물든 푸른 산|에어즈 냥|＠
천사채소밭|산낙 지하상가|돌고 도는 물회방아|매운 온천탕|초장을 뒤집어쓴 고기 떼|알밥천국|＠
망사 셋업 수트|덤벨 귀걸이|머리보다 높은 어깨뽕|무릎 밑 새깅|피뢰침 고깔모자|칼날 같은 카라|＠