ทุนภาคสนามวันที่ 1<br>ได้รับตาข่ายตำนาน 1 ชิ้น!	วันที่ 1
ทุนภาคสนามวันที่ 2<br>ได้รับตาข่ายตำนาน 1 ชิ้น!	วันที่ 2
ทุนภาคสนามวันที่ 3<br>ได้รับตั๋วแมว 1 ใบ!	วันที่ 3
ทุนภาคสนามวันที่ 4<br>ได้รับตาข่ายตำนาน 1 ชิ้น!	วันที่ 4
ทุนภาคสนามวันที่ 5<br>ได้รับตาข่ายตำนาน 1 ชิ้น!	วันที่ 5
ทุนภาคสนามวันที่ 6<br>ได้รับตาข่ายตำนาน 1 ชิ้น!	วันที่ 6
ทุนภาคสนามวันที่ 7<br>ได้รับตาข่ายตำนาน 1 ชิ้น!	วันที่ 7
ทุนภาคสนามวันที่ 8<br>ได้รับตาข่ายตำนาน 1 ชิ้น!	วันที่ 8
ทุนภาคสนามวันที่ 9<br>ได้รับตาข่ายตำนาน 1 ชิ้น!	วันที่ 9
ทุนภาคสนามวันที่ 10<br>ได้รับตั๋วแรร์ 1 ใบ!	วันที่ 10
ทุนภาคสนามวันที่ 11<br>ได้รับตาข่ายตำนาน 1 ชิ้น!	วันที่ 11
ทุนภาคสนามวันที่ 12<br>ได้รับตาข่ายตำนาน 1 ชิ้น!	วันที่ 12
ทุนภาคสนามวันที่ 13<br>ได้รับตาข่ายตำนาน 1 ชิ้น!	วันที่ 13
ทุนภาคสนามวันที่ 14<br>ได้รับตาข่ายตำนาน 1 ชิ้น!	วันที่ 14
ทุนภาคสนามวันที่ 15<br>ได้รับตาข่ายตำนาน 1 ชิ้น!	วันที่ 15
ทุนภาคสนามวันที่ 16<br>ได้รับตาข่ายตำนาน 1 ชิ้น!	วันที่ 16
ทุนภาคสนามวันที่ 17<br>ได้รับตั๋วแมว 1 ใบ!	วันที่ 17
ทุนภาคสนามวันที่ 18<br>ได้รับตาข่ายตำนาน 1 ชิ้น!	วันที่ 18
ทุนภาคสนามวันที่ 19<br>ได้รับตาข่ายตำนาน 1 ชิ้น!	วันที่ 19
ทุนภาคสนามวันที่ 20<br>ได้รับตาข่ายตำนาน 1 ชิ้น!	วันที่ 20
ทุนภาคสนามวันที่ 21<br>ได้รับตาข่ายตำนาน 1 ชิ้น!	วันที่ 21