Forschungszuschüsse Tag 1<br>Du erhältst 1 Legendennetz!	Tag 1
Forschungszuschüsse Tag 2<br>Du erhältst 1 Legendennetz!	Tag 2
Forschungszuschüsse Tag 3<br>Du erhältst 1 Katzenticket!	Tag 3
Forschungszuschüsse Tag 4<br>Du erhältst 1 Legendennetz!	Tag 4
Forschungszuschüsse Tag 5<br>Du erhältst 1 Legendennetz!	Tag 5
Forschungszuschüsse Tag 6<br>Du erhältst 1 Legendennetz!	Tag 6
Forschungszuschüsse Tag 7<br>Du erhältst 1 Legendennetz!	Tag 7
Forschungszuschüsse Tag 8<br>Du erhältst 1 Legendennetz!	Tag 8
Forschungszuschüsse Tag 9<br>Du erhältst 1 Legendennetz!	Tag 9
Forschungszuschüsse Tag 10<br>Du erhältst 1 seltenes Ticket!	Tag 10
Forschungszuschüsse Tag 11<br>Du erhältst 1 Legendennetz!	Tag 11
Forschungszuschüsse Tag 12<br>Du erhältst 1 Legendennetz!	Tag 12
Forschungszuschüsse Tag 13<br>Du erhältst 1 Legendennetz!	Tag 13
Forschungszuschüsse Tag 14<br>Du erhältst 1 Legendennetz!	Tag 14
Forschungszuschüsse Tag 15<br>Du erhältst 1 Legendennetz!	Tag 15
Forschungszuschüsse Tag 16<br>Du erhältst 1 Legendennetz!	Tag 16
Forschungszuschüsse Tag 17<br>Du erhältst 1 Katzenticket!	Tag 17
Forschungszuschüsse Tag 18<br>Du erhältst 1 Legendennetz!	Tag 18
Forschungszuschüsse Tag 19<br>Du erhältst 1 Legendennetz!	Tag 19
Forschungszuschüsse Tag 20<br>Du erhältst 1 Legendennetz!	Tag 20
Forschungszuschüsse Tag 21<br>Du erhältst 1 Legendennetz!	Tag 21