Eine ganz neue Welt|＠|||||||||||||
Verbrechen gegen den Kosmos|Nullhorizont|Abendrothadron|Felinitätstheorie|Einmal mit Protonen|Neutrino-Schneeland|＠||||||||
Schoko-Hochland|Schläfrige Pfade|Verrücktes Seeufer|Schlammiger Fjord|Himmel-und-Hölle-Gipfel|Ententanzwald|＠||||||||
Extra-Ureinwohner|Glücklose Privatunterkunft|KI-Fischen|Opferlehre|＠||||||||||||||||
Interessanter Zufluss|Tigerbann|Werbistndu-Insel|Can-Can-Kanal|Was zur Wasserstraße|Auweia-Weg|So-la-la-Stadtzentrum|Jede Menge Irgendwas|＠||||||||||||
Unterstromküste|Große Barrierefreiheit|Bedrohliche Rückenflosse|Zwei Meilen unter dem Meer|Meereshöhlenhabitat|Jenseits der Hadalzone|＠||||||||||||
Furioses Feld|Trugbildtal|Schlucht von Monte Cristo|Bestie von Monte Christo|Segen im Sand|Pech im Sand|＠||||||||||||
Streben nach Verständnis|Pythagoreischer Nebenfluss|1 + 2 = Tor|Sinus-Cosinus-Mine|Gleichschenkeltal|Der Entfernteste Punkt|＠||||||||||||
Ungebildeter Sophist|Ein Leben der Antithese|Wald der Ironie|Zielloser Dialog|Verleumderisches Ödland|Festhalten an der Tugend|＠||||||||||||
Landeerlaubnis|Große und kleine Schritte|Burger-Garten|Kleiner Zulauf, großes Feld|Bläschentraum|Präriehafen|＠
Verschlungene Straße|Eine-Sekunde-Foto|Metallisches Metaversum|Ananasverkäufer|Bodenkratzer|Phantomhüttensänger|＠
Friedhof der Sojabohnen|Spitzes Seeufer|Süßigkeitenregen|Joghurtarchipel|Ausstecherruinen|Pop-Pop-Wunderland|＠
Yodoyomeer|Fauliges Gefängnis|Schadstoffisolation|Unsinnsmutation|Versehentliche Toxizität|Herzlicher Homunculus|＠
Vorgefertigte Kathedrale|Mittagsschlaf|Unkrautgarten|Sprintparade|Privatstrand|Teure Auswanderung|＠
Fleming-Seeweg|Antimaterie-Dschungel|Inerter Nullfluss|Tropische Entropie|Euler-Archipel|Himmelstrotzende Flucht|＠
Mysteriöser Kapitän|Die verschlossene Suite|Antrag auf See|Automatische Vermeidung|Piraten brechen den Rang|Sanftes Andocken|＠
Inkompetenter Wächter|Sanfte Falle|Auto-Laufen-Labyrinth|Fröhlicher Häretiker|Beleuchtete Falltür|Offensichtliches Versteck|＠
Abflug des Bambuskopters|Laubbaum-Yo-Yo|Marmorsumpf|Seegrastrompete|Trompohügel|Geliebter Wasserfall|＠
Schwebende Bushaltestelle|Korallenbehausung|Renoviertes Wrack|Tintenmuseum|Algencamp|Strandgut-Ausguck|＠
Intellektuelle Bestrebungen|Logische Einsamkeit|Newtons Frucht|Geteiltes Licht|Keine Hypothese|Unermessliche Kraft|＠
Turm des Zeitbeherrschers|22:22 Uhrwacht|Tick-Tack-Terrassen|Effiziente Zeitverschwendung|Uhrenverlies|Das Aufeinandertreffen von Groß und Klein|＠
Knuspriger Kekscanyon|Cremige Schnee-Ebene|Tiramisuklippen|Tapiocahügel|Nata-de-Coco-Pfad|Fudge-Mausoleum|＠
Korpulente Mumie|Himmlischer Ansturm|Regel(ge)rechte Hölle|Lebhafte Geister|Fieser Pfarrer|Rundreise durch den Himmel|＠
Lügen im Liegen|Schlafloser Freifall|Träume und Illusionen|Schnarchende Gebete|Ausschlafen ist nicht|Dösende Liebe|＠
Verlassene Bushaltestelle|Bibliothek ohne Rückgabe|Déjà-vu zum Mittagessen|Warteschlangen-Plaza|Ersatzschlüssel bis zum Abwinken|Kunterbunte Ansammlung|＠
Gedrucktes Gewässer|Poetischer Tod|Komödiantische Comics|Wörterbuch-Anwesen|Wohlfühlroman|Manga-Tempel|＠
Unzureichende Beweismittel|Schlampige Reparatur|Wundersamerweise pünktlich|Alltags-Hektik|Anderer Leute Angelegenheiten|Persönliches Problem|＠
Stierpfad|Meerjungfrauen-Lounge|Untote Stadt|Feendisko|Einhorn-Ebenen|Ein-Zerrung|＠
Buckelgründe|Molkenödnis|Rätselhafte Physik|Synthol-Sumpf|Felsenschulter|Nebentruhen-Insel|＠
Aquatische Avantgarde|Chaotische Kaligrafie|Mosaikwiese|Schwerer Spott|Langsames Zeichnen|Schmucke Farben|＠
Outback-Ursprung|Natürliche Ablehnung|Dogmatische Teilung|Baum der Mühen|Das Killosseum|Endlose Formen der Schönheit|＠
Die große rote Wüste|Schattenmeer|Koalas Ruh'|Eine große Barriere|Flammenachse|Der Nabel der Katze|＠
Plastik-Paradies|Brücke der vergessenen Göffel|Onigiri-Gipfel|Tropfsee|Räucherlachs-Rennstrecke|Reste-Limbus|＠
Borstiger Bodysuit|Hänge-Hantel|Sinnlose Schulterpolster|Schmackhafte Shirts|Gewitter-Filzhut|Halsabschneider-Kragen|＠